league,team_name,age,asists,avgp,aw,blocks,clear,crosses,disp,drb,fouled,fouls,goals,inter,keyp,longb,motm,off,offsides,owng,ps_x,ps_y,rating,red,spg,tackles,tall,thrb,unstch,weight,yel
Bundesliga,Augsburg,27.181818181818183,0.45454545454545453,0.33636363636363636,1.6545454545454545,0.5545454545454547,3.472727272727272,78.11818181818181,0.32727272727272727,0.6272727272727273,0.7545454545454546,1.1454545454545455,1.0,1.9181818181818182,0.33636363636363636,0.23636363636363636,0.36363636363636365,0.0,0.2818181818181818,0.09090909090909091,78.11818181818181,31.927272727272733,6.738181818181818,0.09090909090909091,0.49090909090909085,1.4727272727272727,182.45454545454547,2.7727272727272725,0.5272727272727274,79.0,3.909090909090909
Bundesliga,Bayer Leverkusen,24.7,0.3,0.38,2.6300000000000003,0.35,2.8,73.61999999999999,0.45000000000000007,0.96,0.8699999999999999,1.1300000000000001,0.2,2.39,0.38,0.15000000000000002,0.3,0.04,0.26000000000000006,0.0,73.61999999999999,36.4,6.883,0.4,0.51,1.9400000000000002,185.0,2.4699999999999998,0.67,83.8,3.6
Bundesliga,Bayern Munich,27.272727272727273,1.1818181818181819,0.5272727272727272,1.7,0.2,1.5363636363636362,90.89090909090909,0.16363636363636364,0.2818181818181818,0.5636363636363636,0.7181818181818183,0.36363636363636365,1.3818181818181818,0.5272727272727272,0.13636363636363638,0.2727272727272727,0.018181818181818184,0.4818181818181818,0.0,90.89090909090909,60.81818181818183,6.864545454545455,0.09090909090909091,0.4636363636363637,0.8727272727272729,182.1818181818182,2.6999999999999997,0.33636363636363636,78.27272727272727,2.272727272727273
Bundesliga,Borussia Dortmund,26.3,1.4,0.55,2.1599999999999997,0.22000000000000003,2.07,85.61999999999999,0.42000000000000004,0.6700000000000002,0.93,0.9400000000000001,0.7,1.92,0.55,0.19,0.6,0.01,0.4600000000000001,0.1,85.61999999999999,59.7,7.0139999999999985,0.0,0.53,1.5299999999999998,185.3,2.22,0.55,79.1,2.1
Bundesliga,Borussia M.Gladbach,26.333333333333332,0.9166666666666666,0.3166666666666667,2.041666666666667,0.2833333333333333,2.025,81.64166666666667,0.2416666666666667,0.4416666666666667,0.6833333333333332,0.6250000000000001,1.4166666666666667,1.5083333333333335,0.3166666666666667,0.06666666666666667,0.08333333333333333,0.07500000000000001,0.3916666666666666,0.25,81.64166666666667,40.05833333333334,6.670000000000001,0.0,0.35000000000000003,1.25,184.83333333333334,1.8833333333333335,0.4166666666666667,78.58333333333333,1.75
Bundesliga,Darmstadt,28.181818181818183,1.2727272727272727,0.3363636363636364,1.518181818181818,0.34545454545454546,2.6363636363636362,58.17272727272727,0.2545454545454545,0.7636363636363637,0.9363636363636363,1.0,1.1818181818181819,2.1454545454545455,0.3363636363636364,0.1818181818181818,0.6363636363636364,0.045454545454545456,0.31818181818181823,0.2727272727272727,58.17272727272727,14.67272727272727,6.682727272727272,0.0,0.4,1.6545454545454548,183.63636363636363,1.4090909090909092,0.4636363636363637,80.18181818181819,4.454545454545454
Bundesliga,Eintracht Frankfurt,26.0,0.5384615384615384,0.3307692307692308,1.323076923076923,0.3076923076923077,2.069230769230769,74.22307692307693,0.38461538461538464,0.6230769230769231,0.9846153846153847,0.7846153846153847,0.38461538461538464,1.776923076923077,0.3307692307692308,0.2076923076923077,0.23076923076923078,0.061538461538461535,0.5,0.0,74.22307692307693,27.0,6.527692307692307,0.15384615384615385,0.2923076923076923,1.2461538461538462,183.23076923076923,1.3076923076923077,0.3692307692307692,79.23076923076923,4.0
Bundesliga,FC Cologne,25.545454545454547,1.4545454545454546,0.5545454545454546,1.6454545454545455,0.4090909090909091,2.5,72.16363636363636,0.3272727272727272,0.6727272727272727,0.6909090909090909,0.7636363636363637,0.7272727272727273,1.5909090909090908,0.5545454545454546,0.38181818181818183,1.1818181818181819,0.03636363636363637,0.15454545454545454,0.0,72.16363636363636,30.654545454545453,6.77909090909091,0.0,0.609090909090909,1.6181818181818182,186.0,2.109090909090909,0.6727272727272727,78.45454545454545,2.727272727272727
Bundesliga,Hamburger SV,27.0,0.5,0.3375,1.9625,0.3375,2.575,77.775,0.38750000000000007,0.6,0.7875,0.9500000000000001,0.375,2.0875,0.3375,0.1625,0.375,0.025,0.4,0.0,77.775,35.3875,6.725,0.25,0.47500000000000003,1.625,182.125,2.7624999999999997,0.5875000000000001,77.375,3.5
Bundesliga,Hannover 96,25.571428571428573,0.2857142857142857,0.4071428571428571,2.3642857142857143,0.4,2.5785714285714287,74.07857142857144,0.4285714285714285,0.9428571428571428,0.8785714285714287,1.2785714285714285,0.5,1.914285714285714,0.4071428571428571,0.20714285714285716,0.2857142857142857,0.014285714285714287,0.39285714285714285,0.07142857142857142,74.07857142857144,32.66428571428571,6.667857142857144,0.0,0.5857142857142856,1.9428571428571428,186.14285714285714,1.6785714285714286,0.65,74.07142857142857,3.0714285714285716
Bundesliga,Hertha Berlin,24.5,1.0833333333333333,0.3416666666666666,1.5083333333333335,0.23333333333333336,1.8583333333333336,78.80833333333332,0.5333333333333333,0.5416666666666666,1.1416666666666668,0.8166666666666668,0.6666666666666666,1.2416666666666667,0.3416666666666666,0.25,0.4166666666666667,0.049999999999999996,0.2333333333333333,0.0,78.80833333333332,32.65833333333333,6.625833333333333,0.08333333333333333,0.425,1.2083333333333335,183.08333333333334,2.5083333333333333,0.5833333333333334,75.58333333333333,2.75
Bundesliga,Hoffenheim,24.0,0.4444444444444444,0.4555555555555556,1.588888888888889,0.5,3.2888888888888888,77.19999999999999,0.36666666666666664,0.7888888888888889,0.9888888888888889,1.011111111111111,0.8888888888888888,2.1888888888888887,0.4555555555555556,0.18888888888888888,0.5555555555555556,0.044444444444444446,0.4999999999999999,0.2222222222222222,77.19999999999999,34.12222222222223,6.758888888888888,0.2222222222222222,0.47777777777777775,1.5111111111111108,183.33333333333334,2.088888888888889,0.6111111111111112,79.22222222222223,3.111111111111111
Bundesliga,Ingolstadt,26.333333333333332,0.7777777777777778,0.35555555555555557,2.411111111111111,0.17777777777777778,2.9222222222222225,63.6888888888889,0.2888888888888889,0.7222222222222221,1.3555555555555554,1.1111111111111112,0.5555555555555556,2.8666666666666667,0.35555555555555557,0.2777777777777778,1.0,0.0,0.39999999999999997,0.0,63.6888888888889,25.744444444444447,6.937777777777778,0.1111111111111111,0.6111111111111112,2.0,183.22222222222223,1.788888888888889,0.48888888888888893,80.0,3.5555555555555554
Bundesliga,Mainz 05,26.75,0.75,0.45,2.1666666666666665,0.37499999999999994,2.9166666666666665,76.79166666666667,0.44999999999999996,0.9416666666666668,1.0166666666666668,1.1333333333333333,0.5,2.3750000000000004,0.45,0.27499999999999997,0.25,0.05000000000000001,0.46666666666666673,0.08333333333333333,76.79166666666667,40.108333333333334,6.984166666666667,0.08333333333333333,0.4083333333333334,2.3,183.0,3.1749999999999994,0.5666666666666668,78.08333333333333,3.0833333333333335
Bundesliga,Schalke 04,24.846153846153847,1.0,0.5461538461538462,1.2615384615384615,0.2769230769230769,1.784615384615385,63.73076923076923,0.17692307692307693,0.4230769230769231,0.523076923076923,0.8692307692307691,0.5384615384615384,1.2307692307692308,0.5461538461538462,0.3538461538461538,0.38461538461538464,0.04615384615384615,0.14615384615384613,0.07692307692307693,63.73076923076923,28.89230769230769,6.578461538461538,0.07692307692307693,0.4076923076923077,1.2,184.69230769230768,2.0384615384615383,0.3307692307692308,80.46153846153847,2.769230769230769
Bundesliga,VfB Stuttgart,25.923076923076923,0.6153846153846154,0.3384615384615385,1.5999999999999999,0.3153846153846154,2.5769230769230775,73.88461538461539,0.38461538461538464,0.9615384615384616,0.7076923076923076,0.9076923076923078,0.46153846153846156,2.0769230769230766,0.3384615384615385,0.10769230769230768,0.23076923076923078,0.04615384615384615,0.7000000000000001,0.46153846153846156,73.88461538461539,30.138461538461534,6.514615384615384,0.23076923076923078,0.46923076923076923,1.669230769230769,184.3846153846154,2.1153846153846154,0.5538461538461539,77.84615384615384,2.769230769230769
Bundesliga,Werder Bremen,25.25,0.8333333333333334,0.375,2.716666666666667,0.3166666666666667,2.3249999999999997,67.09166666666667,0.35000000000000003,0.875,1.3333333333333333,1.0916666666666668,0.6666666666666666,2.608333333333333,0.375,0.13333333333333333,0.5,0.041666666666666664,0.42500000000000004,0.25,67.09166666666667,28.566666666666663,6.741666666666667,0.0,0.5416666666666667,1.8083333333333333,188.08333333333334,2.6166666666666667,0.7166666666666667,81.25,3.8333333333333335
Bundesliga,Wolfsburg,27.9,1.3,0.73,1.8,0.33,2.04,82.30000000000001,0.26,0.6599999999999999,0.76,0.8400000000000002,0.7,1.83,0.73,0.56,0.7,0.03,0.5900000000000001,0.0,82.30000000000001,46.260000000000005,6.825999999999999,0.2,0.66,1.3900000000000001,185.1,3.560000000000001,0.44000000000000006,79.0,1.8
Eredivisie,ADO Den Haag,25.727272727272727,0.8181818181818182,0.3727272727272727,1.218181818181818,0.3909090909090909,3.2909090909090906,78.0,0.43636363636363645,0.790909090909091,0.5818181818181819,1.0818181818181818,1.3636363636363635,2.0272727272727273,0.3727272727272727,0.18181818181818182,0.7272727272727273,0.03636363636363637,0.21818181818181823,0.2727272727272727,78.0,30.7,6.79090909090909,0.09090909090909091,0.43636363636363634,1.8818181818181818,184.54545454545453,2.7818181818181817,0.5818181818181819,74.72727272727273,3.5454545454545454
Eredivisie,AZ Alkmaar,24.25,0.75,0.525,1.2000000000000002,0.4333333333333333,3.3833333333333333,80.56666666666666,0.35000000000000003,0.65,0.6749999999999999,0.8666666666666668,0.9166666666666666,1.7916666666666663,0.525,0.25000000000000006,0.5,0.016666666666666666,0.3833333333333333,0.16666666666666666,80.56666666666666,33.34166666666666,6.873333333333334,0.25,0.45,1.7583333333333329,179.5,3.1833333333333336,0.4166666666666667,60.75,1.9166666666666667
Eredivisie,Ajax,24.0,2.6666666666666665,0.611111111111111,1.688888888888889,0.32222222222222224,2.3888888888888893,82.55555555555556,0.39999999999999997,0.34444444444444444,0.7000000000000001,1.077777777777778,0.7777777777777778,1.8888888888888888,0.611111111111111,0.43333333333333335,1.6666666666666667,0.011111111111111112,0.28888888888888886,0.0,82.55555555555556,41.711111111111116,7.095555555555555,0.1111111111111111,0.5555555555555556,1.6666666666666667,184.33333333333334,2.977777777777778,0.5555555555555556,79.11111111111111,2.7777777777777777
Eredivisie,Cambuur,25.133333333333333,0.5333333333333333,0.6133333333333333,1.14,0.24666666666666667,2.62,80.17999999999999,0.32000000000000006,0.6066666666666668,0.7600000000000001,1.14,0.3333333333333333,2.3666666666666667,0.6133333333333333,0.3266666666666666,0.4666666666666667,0.020000000000000004,0.4,0.13333333333333333,80.17999999999999,38.54666666666667,6.526,0.06666666666666667,0.30666666666666664,1.3333333333333333,182.66666666666666,2.9600000000000004,0.4266666666666667,71.6,2.1333333333333333
Eredivisie,De Graafschap,22.90909090909091,0.45454545454545453,0.41818181818181815,1.1181818181818182,0.43636363636363634,3.7818181818181817,74.22727272727273,0.30000000000000004,0.8727272727272727,0.6545454545454544,1.1090909090909093,0.7272727272727273,1.6818181818181819,0.41818181818181815,0.24545454545454548,0.09090909090909091,0.009090909090909092,0.5363636363636364,0.18181818181818182,74.22727272727273,26.745454545454546,6.5672727272727265,0.18181818181818182,0.4181818181818182,1.9909090909090907,184.27272727272728,2.6454545454545455,0.5363636363636364,77.36363636363636,3.090909090909091
Eredivisie,Excelsior,25.0,0.7,0.31,1.3900000000000001,0.6,4.22,71.78,0.27,0.5000000000000001,0.51,0.99,0.4,2.04,0.31,0.13,0.5,0.02,0.22000000000000003,0.0,71.78,26.03,6.665000000000001,0.3,0.35000000000000003,1.38,182.9,2.95,0.36,69.0,2.4
Eredivisie,FC Groningen,24.571428571428573,0.7142857142857143,0.4142857142857143,1.207142857142857,0.4285714285714285,3.2785714285714285,81.12857142857142,0.5214285714285715,0.5999999999999999,0.6357142857142858,0.9500000000000001,0.6428571428571429,1.8,0.4142857142857143,0.15714285714285717,0.35714285714285715,0.014285714285714287,0.19999999999999998,0.07142857142857142,81.12857142857142,38.892857142857146,6.717142857142856,0.07142857142857142,0.45,1.7,169.35714285714286,2.564285714285714,0.5571428571428572,69.71428571428571,2.357142857142857
Eredivisie,FC Utrecht,23.916666666666668,0.8333333333333334,0.47500000000000003,1.225,0.3416666666666666,2.0,80.43333333333335,0.5666666666666668,0.46666666666666673,0.7083333333333334,1.05,1.0,2.2583333333333333,0.47500000000000003,0.4333333333333333,0.5833333333333334,0.025000000000000005,0.43333333333333335,0.08333333333333333,80.43333333333335,32.14166666666667,6.7725,0.25,0.425,1.5,164.66666666666666,2.8000000000000003,0.5833333333333334,67.41666666666667,2.3333333333333335
Eredivisie,Feyenoord,24.0,1.6666666666666667,0.5777777777777778,1.6666666666666667,0.288888888888889,2.6333333333333337,82.13333333333333,0.5777777777777778,0.6777777777777777,0.9666666666666668,0.9777777777777779,0.3333333333333333,1.9000000000000001,0.5777777777777778,0.43333333333333335,0.6666666666666666,0.022222222222222223,0.33333333333333326,0.2222222222222222,82.13333333333333,44.0,6.895555555555555,0.2222222222222222,0.5,1.8444444444444446,183.44444444444446,3.888888888888888,0.6333333333333333,76.44444444444444,3.4444444444444446
Eredivisie,Heracles,25.88888888888889,1.1111111111111112,0.4555555555555555,1.2222222222222223,0.6,3.644444444444445,78.16666666666667,0.4555555555555555,0.4111111111111111,0.9222222222222223,0.9333333333333333,0.8888888888888888,2.066666666666667,0.4555555555555555,0.35555555555555557,0.5555555555555556,0.06666666666666667,0.14444444444444443,0.0,78.16666666666667,31.411111111111115,6.843333333333334,0.1111111111111111,0.36666666666666664,1.788888888888889,160.55555555555554,3.1555555555555554,0.43333333333333335,64.44444444444444,4.111111111111111
Eredivisie,NEC Nijmegen,26.0,0.8,0.4000000000000001,1.2600000000000002,0.31,2.58,79.98999999999998,0.39,0.64,0.6000000000000001,0.9099999999999999,0.3,1.69,0.4000000000000001,0.28,0.4,0.04,0.2,0.2,79.98999999999998,34.17,6.691,0.3,0.27999999999999997,1.86,182.1,2.81,0.49000000000000005,75.4,2.5
Eredivisie,PEC Zwolle,24.583333333333332,1.9166666666666667,0.7416666666666667,1.1083333333333334,0.325,3.0833333333333326,71.73333333333333,0.47500000000000003,0.65,0.6416666666666666,1.1416666666666668,1.5833333333333333,1.7749999999999997,0.7416666666666667,0.2416666666666667,0.9166666666666666,0.03333333333333333,0.30000000000000004,0.08333333333333333,71.73333333333333,31.325000000000003,6.799166666666667,0.25,0.6916666666666668,1.5666666666666667,150.58333333333334,3.15,0.5583333333333335,61.5,3.5
Eredivisie,PSV Eindhoven,24.846153846153847,1.6923076923076923,0.7230769230769231,1.0846153846153848,0.27692307692307694,2.223076923076923,81.0076923076923,0.5307692307692308,0.5846153846153845,0.7384615384615384,0.7846153846153846,1.6923076923076923,1.176923076923077,0.7230769230769231,0.5846153846153845,0.7692307692307693,0.061538461538461535,0.1076923076923077,0.23076923076923078,81.0076923076923,36.56923076923077,6.953846153846153,0.07692307692307693,0.8076923076923076,1.1615384615384614,180.84615384615384,3.123076923076923,0.6230769230769231,75.6923076923077,2.6153846153846154
Eredivisie,Roda,27.7,0.4,0.32,1.3299999999999998,0.5099999999999999,4.0,72.28,0.27,0.7200000000000001,0.5700000000000001,0.89,0.3,1.97,0.32,0.26,0.4,0.01,0.45,0.0,72.28,30.669999999999998,6.647,0.1,0.37,1.45,182.3,3.0500000000000003,0.32999999999999996,77.4,3.0
Eredivisie,SC Heerenveen,23.9,0.8,0.41999999999999993,1.2,0.26,2.63,76.84,0.49000000000000005,0.7300000000000001,0.82,1.1,0.7,2.05,0.41999999999999993,0.16000000000000003,0.4,0.01,0.5599999999999999,0.1,76.84,33.59,6.632000000000001,0.3,0.5199999999999999,1.8,179.5,2.7,0.6100000000000001,74.6,4.4
Eredivisie,Twente,23.272727272727273,1.0909090909090908,0.5181818181818182,1.718181818181818,0.43636363636363634,3.3000000000000003,79.74545454545454,0.509090909090909,0.6636363636363636,0.8727272727272727,0.7636363636363637,1.0,2.3000000000000003,0.5181818181818182,0.12727272727272726,0.5454545454545454,0.0,0.38181818181818183,0.18181818181818182,79.74545454545454,36.25454545454545,6.878181818181819,0.0,0.5181818181818182,1.7727272727272727,182.0909090909091,2.963636363636363,0.5454545454545454,74.9090909090909,2.272727272727273
Eredivisie,Vitesse,25.3,1.4,0.72,1.28,0.32,3.0100000000000002,82.61999999999999,0.42000000000000004,0.9700000000000001,0.7300000000000001,1.1900000000000002,0.9,1.75,0.72,0.28,0.6,0.030000000000000006,0.58,0.1,82.61999999999999,52.05999999999999,6.9319999999999995,0.1,0.93,1.72,162.8,4.82,0.51,67.2,2.8
Eredivisie,Willem II,26.4,0.8,0.44000000000000006,1.29,0.32999999999999996,3.09,78.22,0.48,0.8099999999999999,0.6799999999999999,1.3,0.7,2.57,0.44000000000000006,0.30999999999999994,0.3,0.030000000000000006,0.21000000000000002,0.1,78.22,36.21,6.794999999999999,0.1,0.32999999999999996,2.0199999999999996,179.8,3.7800000000000002,0.6,73.0,2.8
LaLiga,Athletic Bilbao,27.333333333333332,1.2222222222222223,0.38888888888888895,1.5777777777777777,0.27777777777777785,2.1666666666666665,78.04444444444444,0.48888888888888893,0.7888888888888889,0.5,0.9333333333333333,0.8888888888888888,2.388888888888889,0.38888888888888895,0.34444444444444444,0.8888888888888888,0.05555555555555555,0.6000000000000001,0.2222222222222222,78.04444444444444,34.65555555555556,6.85,0.3333333333333333,0.41111111111111115,1.9333333333333336,182.55555555555554,2.1444444444444444,0.4888888888888888,77.11111111111111,4.222222222222222
LaLiga,Atletico Madrid,25.818181818181817,0.9090909090909091,0.5545454545454546,1.4090909090909092,0.2727272727272727,2.6727272727272724,77.84545454545454,0.38181818181818183,0.5727272727272728,0.7636363636363637,0.9545454545454546,0.9090909090909091,1.9818181818181815,0.5545454545454546,0.23636363636363636,1.2727272727272727,0.06363636363636363,0.07272727272727272,0.0,77.84545454545454,33.481818181818184,7.081818181818182,0.18181818181818182,0.3909090909090909,2.1,183.27272727272728,1.863636363636364,0.5818181818181819,69.54545454545455,3.5454545454545454
LaLiga,Barcelona,28.416666666666668,2.0833333333333335,0.38333333333333336,0.9166666666666666,0.25,1.5750000000000002,85.76666666666665,0.3833333333333333,0.4749999999999999,0.6916666666666668,0.6250000000000001,0.4166666666666667,1.55,0.38333333333333336,0.15833333333333335,0.3333333333333333,0.041666666666666664,0.3583333333333334,0.08333333333333333,85.76666666666665,46.10833333333333,6.875,0.08333333333333333,0.26666666666666666,1.383333333333333,179.41666666666666,2.6083333333333334,0.3666666666666667,74.16666666666667,3.4166666666666665
LaLiga,Celta Vigo,24.454545454545453,1.6363636363636365,0.30000000000000004,1.1999999999999997,0.5,2.709090909090909,80.19090909090909,0.3545454545454546,0.8,0.6454545454545455,1.0272727272727273,0.45454545454545453,2.4818181818181815,0.30000000000000004,0.09090909090909091,0.45454545454545453,0.045454545454545456,0.12727272727272726,0.09090909090909091,80.19090909090909,40.227272727272734,6.7309090909090905,0.36363636363636365,0.43636363636363634,1.8909090909090909,178.63636363636363,2.309090909090909,0.4272727272727273,73.9090909090909,4.454545454545454
LaLiga,Deportivo La Coruna,30.22222222222222,0.4444444444444444,0.24444444444444446,1.1333333333333333,0.25555555555555554,2.6333333333333333,76.96666666666667,0.2777777777777778,0.6666666666666666,0.6666666666666666,0.7444444444444444,0.3333333333333333,2.177777777777778,0.24444444444444446,0.13333333333333336,0.4444444444444444,0.044444444444444446,0.4222222222222222,0.1111111111111111,76.96666666666667,28.94444444444444,6.585555555555555,0.2222222222222222,0.3,1.4888888888888887,158.66666666666666,2.0444444444444443,0.43333333333333335,65.11111111111111,4.0
LaLiga,Eibar,25.76923076923077,1.0,0.26923076923076916,1.3384615384615384,0.13846153846153847,2.2461538461538457,59.81538461538461,0.33076923076923076,0.5615384615384615,0.5999999999999999,1.0230769230769232,0.38461538461538464,2.053846153846154,0.26923076923076916,0.19230769230769232,0.46153846153846156,0.02307692307692308,0.38461538461538464,0.07692307692307693,59.81538461538461,25.292307692307688,6.549999999999999,0.15384615384615385,0.3230769230769231,1.3846153846153846,180.15384615384616,2.3307692307692305,0.4461538461538461,74.0,5.923076923076923
LaLiga,Espanyol,25.615384615384617,0.46153846153846156,0.3461538461538462,1.4615384615384615,0.22307692307692306,3.0384615384615383,77.30000000000001,0.4692307692307693,0.6692307692307693,0.7,1.1384615384615386,0.38461538461538464,2.0615384615384618,0.3461538461538462,0.16923076923076924,0.23076923076923078,0.07692307692307691,0.48461538461538467,0.15384615384615385,77.30000000000001,32.34615384615385,6.52,0.07692307692307693,0.4230769230769231,1.9461538461538461,181.3846153846154,2.5999999999999996,0.5692307692307692,76.0,4.769230769230769
LaLiga,Getafe,25.583333333333332,0.6666666666666666,0.3833333333333333,0.9666666666666668,0.37499999999999994,2.5249999999999995,75.64999999999999,0.5750000000000001,0.8833333333333333,0.6250000000000001,1.2249999999999999,0.6666666666666666,2.066666666666667,0.3833333333333333,0.26666666666666666,0.16666666666666666,0.041666666666666664,0.425,0.0,75.64999999999999,30.71666666666667,6.658333333333332,0.4166666666666667,0.37500000000000006,2.1166666666666667,181.33333333333334,2.358333333333334,0.5833333333333334,74.25,5.25
LaLiga,Granada,26.9,0.3,0.2,1.24,0.25,3.1100000000000003,75.78000000000002,0.22000000000000003,0.39,0.45,0.9,0.5,2.13,0.2,0.10999999999999999,0.5,0.0,0.36000000000000004,0.2,75.78000000000002,25.040000000000003,6.473999999999999,0.4,0.32999999999999996,1.4200000000000002,183.9,1.95,0.41000000000000003,79.1,4.6
LaLiga,Las Palmas,28.571428571428573,0.6428571428571429,0.35,1.3357142857142859,0.3642857142857143,2.378571428571429,83.57857142857142,0.5142857142857142,0.6642857142857144,0.9,0.9642857142857143,0.7142857142857143,2.2071428571428573,0.35,0.15714285714285717,0.5714285714285714,0.028571428571428574,0.3785714285714286,0.07142857142857142,83.57857142857142,39.392857142857146,6.759285714285714,0.21428571428571427,0.3714285714285714,1.5714285714285714,180.35714285714286,2.314285714285714,0.6714285714285715,75.35714285714286,4.285714285714286
LaLiga,Levante,28.333333333333332,0.8666666666666667,0.36,1.2733333333333332,0.31333333333333335,2.76,73.39333333333335,0.6133333333333334,0.9466666666666668,0.9066666666666668,1.2866666666666664,0.9333333333333333,2.0199999999999996,0.36,0.2733333333333333,0.4666666666666667,0.06666666666666667,0.4866666666666666,0.06666666666666667,73.39333333333335,30.726666666666667,6.584666666666666,0.3333333333333333,0.5466666666666666,1.6933333333333331,181.2,2.2399999999999998,0.76,74.6,5.066666666666666
LaLiga,Malaga,28.454545454545453,1.0909090909090908,0.4454545454545455,1.3636363636363635,0.26363636363636367,2.609090909090909,74.72727272727273,0.6545454545454545,0.5545454545454545,0.6909090909090909,0.8727272727272727,0.36363636363636365,1.9909090909090912,0.4454545454545455,0.3909090909090909,0.6363636363636364,0.02727272727272728,0.5181818181818181,0.0,74.72727272727273,30.281818181818185,6.8536363636363635,0.09090909090909091,0.7272727272727273,1.9272727272727272,180.72727272727272,2.0090909090909093,0.6181818181818183,73.36363636363636,3.8181818181818183
LaLiga,Rayo Vallecano,29.9,0.4,0.35,1.6599999999999997,0.33000000000000007,2.58,76.38,0.29999999999999993,0.4800000000000001,0.5900000000000001,1.27,0.6,2.42,0.35,0.22000000000000003,0.1,0.02,0.71,0.1,76.38,35.33,6.614,0.6,0.38999999999999996,1.83,180.1,2.4400000000000004,0.47000000000000003,73.1,5.0
LaLiga,Real Betis,26.8,0.6,0.37,1.83,0.48,3.5200000000000005,76.61999999999999,0.57,0.72,0.59,1.02,0.8,2.6,0.37,0.36,1.6,0.08,0.41000000000000003,0.1,76.61999999999999,30.750000000000007,6.886999999999999,0.3,0.5200000000000001,1.9299999999999997,182.1,1.73,0.5900000000000001,78.4,4.9
LaLiga,Real Madrid,27.22222222222222,2.0,0.5777777777777778,1.5888888888888888,0.5,2.233333333333333,87.37777777777778,0.288888888888889,0.6777777777777777,0.9222222222222223,1.1333333333333335,0.8888888888888888,2.1333333333333337,0.5777777777777778,0.3444444444444445,0.3333333333333333,0.06666666666666668,0.27777777777777773,0.0,87.37777777777778,45.74444444444444,7.140000000000001,0.3333333333333333,0.5444444444444444,2.0,182.22222222222223,2.577777777777778,0.5444444444444444,77.11111111111111,4.777777777777778
LaLiga,Real Sociedad,25.7,1.6,0.48,1.58,0.32,2.86,77.52000000000001,0.29,0.5,0.7699999999999999,0.9400000000000001,0.4,2.5300000000000002,0.48,0.49000000000000005,0.7,0.06,0.5,0.1,77.52000000000001,32.790000000000006,6.890000000000001,0.1,0.48,1.81,182.5,2.2300000000000004,0.58,74.3,4.9
LaLiga,Sevilla,26.25,0.6875,0.36249999999999993,1.2937500000000002,0.33125,2.3874999999999997,78.14375,0.48125000000000007,0.60625,0.9375,1.06875,0.25,1.81875,0.36249999999999993,0.20625000000000002,0.375,0.13125,0.3125,0.125,78.14375,32.53125,6.623125000000002,0.25,0.5249999999999999,2.1874999999999996,157.6875,2.33125,0.86875,65.375,2.9375
LaLiga,Sporting Gijon,24.90909090909091,0.6363636363636364,0.29999999999999993,1.1636363636363638,0.3727272727272728,3.709090909090909,72.77272727272727,0.4090909090909091,0.6818181818181818,0.6727272727272727,1.1272727272727272,0.2727272727272727,2.463636363636364,0.29999999999999993,0.10909090909090909,0.18181818181818182,0.05454545454545454,0.3454545454545455,0.09090909090909091,72.77272727272727,28.818181818181817,6.610909090909092,0.2727272727272727,0.2545454545454545,2.1545454545454543,182.36363636363637,2.254545454545455,0.4272727272727273,73.54545454545455,4.363636363636363
LaLiga,Valencia,24.8,0.4,0.27,1.44,0.39,3.05,80.37999999999998,0.54,0.69,0.9899999999999999,1.24,0.3,2.5200000000000005,0.27,0.22000000000000003,0.7,0.04,0.32000000000000006,0.1,80.37999999999998,33.08,6.863000000000001,0.5,0.32,2.4199999999999995,183.6,2.21,0.62,78.1,4.4
LaLiga,Villarreal,27.0,0.3333333333333333,0.17777777777777778,1.011111111111111,0.3666666666666667,3.0777777777777775,77.88888888888889,0.2222222222222222,0.4555555555555555,0.5888888888888889,1.0999999999999999,0.4444444444444444,2.5,0.17777777777777778,0.1,0.6666666666666666,0.044444444444444446,0.3333333333333333,0.1111111111111111,77.88888888888889,33.87777777777778,6.872222222222222,0.3333333333333333,0.23333333333333334,1.9333333333333331,179.22222222222223,1.9777777777777779,0.3333333333333333,72.66666666666667,4.888888888888889
Ligue1,Angers,28.555555555555557,0.4444444444444444,0.35555555555555557,1.0666666666666669,0.35555555555555557,2.322222222222222,77.68888888888888,0.3666666666666667,0.6777777777777779,0.8666666666666667,0.8888888888888888,0.8888888888888888,1.7666666666666666,0.35555555555555557,0.18888888888888888,0.3333333333333333,0.03333333333333334,0.23333333333333334,0.1111111111111111,77.68888888888888,31.166666666666668,6.7333333333333325,0.1111111111111111,0.3,1.8555555555555554,182.44444444444446,1.9222222222222218,0.4666666666666667,75.22222222222223,4.111111111111111
Ligue1,Bordeaux,24.666666666666668,0.25,0.2750000000000001,1.4833333333333336,0.2833333333333334,3.016666666666667,79.55,0.5416666666666666,0.6416666666666666,0.625,0.9250000000000002,0.6666666666666666,2.308333333333333,0.2750000000000001,0.2916666666666667,0.5,0.06666666666666667,0.31666666666666665,0.16666666666666666,79.55,31.208333333333332,6.771666666666668,0.3333333333333333,0.4083333333333334,2.1166666666666667,183.08333333333334,1.9833333333333332,0.7083333333333334,75.5,3.1666666666666665
Ligue1,Caen,27.4,0.4,0.37,1.7200000000000002,0.3,2.5,72.77000000000001,0.47000000000000003,0.74,0.73,1.07,0.9,2.2,0.37,0.31,0.6,0.06,0.2,0.1,72.77000000000001,26.97,6.843999999999999,0.4,0.35000000000000003,2.44,181.5,1.97,0.55,74.8,2.4
Ligue1,GFC Ajaccio,28.333333333333332,1.5555555555555556,0.5555555555555556,1.6000000000000003,0.2555555555555556,2.377777777777778,75.04444444444445,0.6000000000000001,0.9333333333333333,0.7777777777777778,1.2333333333333334,0.6666666666666666,2.7222222222222223,0.5555555555555556,0.4666666666666667,0.6666666666666666,0.022222222222222223,0.47777777777777786,0.4444444444444444,75.04444444444445,33.32222222222222,6.8133333333333335,0.5555555555555556,0.4888888888888888,2.111111111111111,185.33333333333334,2.7,0.6222222222222222,77.33333333333333,6.555555555555555
Ligue1,Guingamp,29.75,0.75,0.3,1.5083333333333335,0.4166666666666666,2.966666666666667,74.52500000000002,0.26666666666666666,0.5916666666666667,0.9500000000000001,0.9333333333333335,0.4166666666666667,2.2999999999999994,0.3,0.16666666666666666,0.08333333333333333,0.03333333333333333,0.37499999999999994,0.3333333333333333,74.52500000000002,30.98333333333333,6.7366666666666655,0.08333333333333333,0.2416666666666667,2.0749999999999997,180.58333333333334,2.891666666666667,0.35000000000000003,73.75,3.5833333333333335
Ligue1,Lille,28.333333333333332,0.6666666666666666,0.3666666666666667,2.0444444444444443,0.32222222222222224,2.5111111111111115,80.17777777777778,0.6444444444444445,0.5222222222222221,1.0444444444444443,1.1,1.0,2.0222222222222226,0.3666666666666667,0.18888888888888888,1.3333333333333333,0.07777777777777778,0.23333333333333334,0.0,80.17777777777778,34.266666666666666,6.977777777777778,0.3333333333333333,0.6666666666666666,1.6777777777777778,182.77777777777777,1.5999999999999999,0.6444444444444444,79.44444444444444,3.2222222222222223
Ligue1,Lorient,25.642857142857142,0.6428571428571429,0.34285714285714286,1.5285714285714287,0.47857142857142854,2.9571428571428564,82.59285714285714,0.6142857142857142,1.0285714285714287,0.7928571428571428,0.8428571428571429,0.5714285714285714,2.6999999999999997,0.34285714285714286,0.15714285714285717,0.5,0.014285714285714287,0.45000000000000007,0.0,82.59285714285714,34.23571428571429,6.899285714285716,0.35714285714285715,0.33571428571428574,1.5714285714285714,181.28571428571428,2.3642857142857143,0.6500000000000001,75.85714285714286,2.357142857142857
Ligue1,Lyon,27.307692307692307,1.1538461538461537,0.48461538461538467,1.8923076923076922,0.2307692307692308,2.146153846153846,86.8076923076923,0.6076923076923078,0.7153846153846154,0.8692307692307693,1.0153846153846156,0.9230769230769231,1.6999999999999997,0.48461538461538467,0.14615384615384613,0.5384615384615384,0.06923076923076922,0.5923076923076922,0.23076923076923078,86.8076923076923,49.73846153846153,6.899230769230769,0.07692307692307693,0.6846153846153846,1.8307692307692305,180.30769230769232,3.392307692307693,0.5615384615384615,76.0,2.769230769230769
Ligue1,Marseille,25.0,0.4166666666666667,0.4666666666666666,1.3583333333333334,0.2333333333333333,1.8083333333333338,84.325,0.5666666666666667,0.6333333333333333,0.8500000000000001,0.975,0.5,2.058333333333333,0.4666666666666666,0.31666666666666665,0.5,0.041666666666666664,0.3,0.25,84.325,40.824999999999996,6.793333333333333,0.3333333333333333,0.43333333333333335,1.7833333333333332,181.75,1.9000000000000001,0.49166666666666664,77.0,3.25
Ligue1,Monaco,26.09090909090909,1.0,0.5181818181818182,1.9000000000000001,0.30909090909090914,3.227272727272727,79.99090909090908,0.509090909090909,0.7727272727272729,0.9181818181818181,1.2090909090909092,1.7272727272727273,2.2727272727272725,0.5181818181818182,0.4454545454545454,0.7272727272727273,0.09090909090909091,0.3909090909090909,0.0,79.99090909090908,36.800000000000004,7.066363636363636,0.18181818181818182,0.5909090909090909,2.0,184.36363636363637,2.109090909090909,0.6454545454545454,76.36363636363636,4.545454545454546
Ligue1,Montpellier,25.333333333333332,0.7777777777777778,0.34444444444444444,1.6111111111111112,0.2777777777777778,2.1,80.0,0.5777777777777778,0.7222222222222221,0.9777777777777776,0.9222222222222223,1.6666666666666667,2.3111111111111113,0.34444444444444444,0.13333333333333336,0.8888888888888888,0.022222222222222223,0.3777777777777779,0.0,80.0,32.58888888888889,6.914444444444445,0.2222222222222222,0.5,1.7111111111111112,182.11111111111111,2.6222222222222222,0.6888888888888888,75.55555555555556,3.7777777777777777
Ligue1,Nantes,26.0,0.38461538461538464,0.46153846153846156,1.6615384615384616,0.3384615384615384,2.576923076923077,78.73076923076923,0.6307692307692307,0.7846153846153847,0.7923076923076923,0.9923076923076922,0.3076923076923077,1.953846153846154,0.46153846153846156,0.4461538461538461,0.6923076923076923,0.05384615384615384,0.2923076923076924,0.15384615384615385,78.73076923076923,37.00769230769231,6.823076923076922,0.07692307692307693,0.3923076923076923,1.9846153846153844,181.69230769230768,2.9384615384615382,0.6076923076923078,73.92307692307692,3.4615384615384617
Ligue1,Nice,25.333333333333332,0.8888888888888888,0.37777777777777777,1.7666666666666666,0.23333333333333334,2.6333333333333333,76.05555555555557,0.38888888888888895,0.6888888888888889,0.7555555555555554,1.0,0.4444444444444444,2.155555555555556,0.37777777777777777,0.18888888888888886,1.4444444444444444,0.06666666666666667,0.2222222222222222,0.1111111111111111,76.05555555555557,43.43333333333333,6.868888888888889,0.3333333333333333,0.21111111111111114,1.9888888888888892,181.77777777777777,2.3222222222222224,0.4444444444444444,76.55555555555556,3.7777777777777777
Ligue1,Paris Saint Germain,25.333333333333332,1.6666666666666667,0.4749999999999999,1.2416666666666665,0.275,2.066666666666667,92.20833333333333,0.6,0.8416666666666668,0.6416666666666666,0.7916666666666666,1.1666666666666667,2.0916666666666663,0.4749999999999999,0.225,0.5,0.05833333333333333,0.22500000000000006,0.08333333333333333,92.20833333333333,58.125,7.212500000000001,0.08333333333333333,0.42500000000000004,1.95,180.58333333333334,1.9333333333333333,0.625,67.5,2.25
Ligue1,Reims,27.636363636363637,0.6363636363636364,0.35454545454545455,1.4909090909090907,0.33636363636363636,2.8000000000000003,79.11818181818181,0.4636363636363635,0.8,0.8272727272727273,0.9636363636363636,0.9090909090909091,2.5727272727272728,0.35454545454545455,0.24545454545454543,0.45454545454545453,0.03636363636363637,0.4727272727272727,0.0,79.11818181818181,36.60909090909092,6.804545454545456,0.2727272727272727,0.4636363636363636,1.6636363636363634,179.63636363636363,2.7,0.49090909090909096,73.81818181818181,4.2727272727272725
Ligue1,Rennes,26.285714285714285,0.8571428571428571,0.3714285714285714,1.5785714285714285,0.24999999999999997,1.9428571428571428,80.44285714285715,0.8642857142857144,0.7857142857142857,0.8714285714285717,1.0285714285714287,0.5714285714285714,1.8214285714285712,0.3714285714285714,0.16428571428571428,0.2857142857142857,0.07142857142857142,0.2571428571428572,0.07142857142857142,80.44285714285715,37.57857142857143,6.746428571428572,0.07142857142857142,0.36428571428571427,2.0071428571428576,181.0,2.2500000000000004,0.7,75.42857142857143,3.2142857142857144
Ligue1,SC Bastia,28.727272727272727,0.5454545454545454,0.2545454545454545,1.3727272727272728,0.22727272727272724,2.881818181818182,73.46363636363635,0.4727272727272727,0.8181818181818182,0.7272727272727271,0.9909090909090907,0.6363636363636364,1.8545454545454545,0.2545454545454545,0.13636363636363635,0.6363636363636364,0.045454545454545456,0.4090909090909091,0.09090909090909091,73.46363636363635,28.236363636363638,6.711818181818182,0.36363636363636365,0.2727272727272727,1.845454545454546,162.45454545454547,2.027272727272727,0.43636363636363645,66.81818181818181,5.363636363636363
Ligue1,Saint-Etienne,26.46153846153846,0.38461538461538464,0.4153846153846154,1.6846153846153848,0.23076923076923078,2.2153846153846155,77.33846153846156,0.5307692307692308,0.6076923076923076,0.8769230769230769,0.9307692307692308,0.5384615384615384,1.953846153846154,0.4153846153846154,0.27692307692307694,0.5384615384615384,0.03076923076923077,0.26153846153846155,0.0,77.33846153846156,34.87692307692308,6.8076923076923075,0.38461538461538464,0.4076923076923077,1.9384615384615385,168.76923076923077,2.3999999999999995,0.5846153846153846,72.53846153846153,1.3846153846153846
Ligue1,Toulouse,23.833333333333332,0.6666666666666666,0.375,1.5333333333333332,0.27499999999999997,3.0,77.16666666666666,0.6666666666666666,0.6666666666666666,0.975,1.0,0.5,2.1,0.375,0.225,0.5,0.05833333333333333,0.19166666666666668,0.08333333333333333,77.16666666666666,30.26666666666667,6.800833333333333,0.5833333333333334,0.3,2.2166666666666663,184.25,1.325,0.5833333333333334,78.58333333333333,3.8333333333333335
PremierLeague,Arsenal,26.333333333333332,1.0,0.32222222222222224,1.7555555555555558,0.36666666666666664,2.8222222222222224,84.76666666666667,0.5555555555555555,0.5,0.5666666666666667,0.6555555555555554,0.7777777777777778,1.9444444444444444,0.32222222222222224,0.13333333333333333,0.5555555555555556,0.022222222222222223,0.41111111111111115,0.1111111111111111,84.76666666666667,43.222222222222214,6.941111111111112,0.2222222222222222,0.47777777777777775,1.6777777777777776,182.44444444444446,1.2555555555555555,0.5111111111111111,73.88888888888889,1.8888888888888888
PremierLeague,Aston Villa,27.272727272727273,0.6363636363636364,0.4454545454545454,1.3909090909090909,0.39999999999999997,3.5727272727272723,79.34545454545456,0.38181818181818183,0.7272727272727272,0.6636363636363637,0.9909090909090907,0.5454545454545454,2.1363636363636367,0.4454545454545454,0.3909090909090909,0.6363636363636364,0.018181818181818184,0.4454545454545455,0.2727272727272727,79.34545454545456,32.66363636363636,6.677272727272728,0.18181818181818182,0.48181818181818187,1.7454545454545454,181.9090909090909,2.5272727272727273,0.6181818181818183,75.54545454545455,3.727272727272727
PremierLeague,Bournemouth,28.0,1.25,0.39999999999999997,1.6999999999999997,0.30000000000000004,3.3000000000000007,83.5375,0.4375,0.575,0.475,0.525,1.25,1.8250000000000002,0.39999999999999997,0.25,0.875,0.0875,0.3625,0.0,83.5375,34.574999999999996,6.6975,0.125,0.35000000000000003,1.3875000000000002,182.25,2.2875,0.4,77.125,2.5
PremierLeague,Crystal Palace,29.5,0.75,0.3,2.4000000000000004,0.6625,4.525,75.125,0.4375,0.6625,0.6125,1.0125,1.125,2.0625,0.3,0.21250000000000002,0.5,0.0625,0.275,0.375,75.125,33.262499999999996,6.81625,0.125,0.4625,1.5125000000000002,186.5,2.3249999999999997,0.38749999999999996,79.375,3.75
PremierLeague,Everton,24.76923076923077,0.5384615384615384,0.33076923076923076,0.9000000000000001,0.5461538461538461,3.376923076923077,83.57692307692307,0.5461538461538461,0.8,0.5692307692307693,0.4230769230769231,0.5384615384615384,1.5384615384615385,0.33076923076923076,0.24615384615384617,0.38461538461538464,0.05384615384615384,0.23846153846153847,0.07692307692307693,83.57692307692307,31.769230769230766,6.806923076923076,0.07692307692307693,0.5461538461538462,1.630769230769231,166.23076923076923,2.4076923076923076,0.37692307692307686,68.84615384615384,1.2307692307692308
PremierLeague,Leicester,29.0,1.5454545454545454,0.4818181818181818,1.5454545454545454,0.6090909090909091,2.9818181818181815,70.11818181818182,0.4272727272727273,0.8272727272727273,0.4454545454545454,0.9,0.9090909090909091,2.3272727272727276,0.4818181818181818,0.21818181818181817,1.0,0.009090909090909092,0.26363636363636367,0.0,70.11818181818182,26.4,6.98,0.18181818181818182,0.5454545454545454,2.1363636363636362,181.8181818181818,1.6818181818181819,0.47272727272727283,78.27272727272727,2.909090909090909
PremierLeague,Liverpool,25.0,0.5384615384615384,0.5461538461538461,1.5230769230769228,0.40769230769230763,2.93076923076923,78.5153846153846,0.6846153846153847,0.7461538461538463,0.5461538461538462,0.9769230769230769,0.46153846153846156,1.5769230769230769,0.5461538461538461,0.2153846153846154,0.46153846153846156,0.03076923076923077,0.22307692307692312,0.07692307692307693,78.5153846153846,41.61538461538461,6.759999999999999,0.07692307692307693,0.5230769230769231,1.9846153846153847,182.84615384615384,2.123076923076923,0.5538461538461539,76.0,3.076923076923077
PremierLeague,Manchester City,30.1,1.0,0.52,1.9,0.26,3.59,84.50000000000001,0.42000000000000004,1.0699999999999998,0.61,1.0299999999999998,1.0,2.22,0.52,0.27999999999999997,0.8,0.030000000000000006,0.4000000000000001,0.1,84.50000000000001,46.39999999999999,7.088000000000001,0.0,0.56,2.08,181.9,2.1799999999999997,0.47000000000000003,75.7,4.7
PremierLeague,Manchester United,24.666666666666668,0.7333333333333333,0.38,1.1866666666666665,0.21333333333333337,2.033333333333333,81.13333333333334,0.5066666666666666,0.8066666666666668,0.5533333333333333,0.9600000000000002,0.26666666666666666,1.6333333333333333,0.38,0.3533333333333334,0.4666666666666667,0.04,0.16666666666666666,0.06666666666666667,81.13333333333334,38.83333333333333,6.845333333333333,0.0,0.28,2.02,158.4,2.2,0.5733333333333334,64.46666666666667,2.466666666666667
PremierLeague,Newcastle United,24.90909090909091,0.7272727272727273,0.29090909090909095,1.0909090909090908,0.5181818181818182,2.8181818181818183,70.21818181818182,0.34545454545454546,0.7363636363636363,0.5454545454545454,0.7545454545454544,0.7272727272727273,1.8000000000000005,0.29090909090909095,0.24545454545454548,0.36363636363636365,0.045454545454545456,0.3,0.18181818181818182,70.21818181818182,28.545454545454547,6.669090909090911,0.2727272727272727,0.3090909090909091,1.8727272727272728,181.72727272727272,1.9181818181818182,0.4363636363636363,75.0,3.1818181818181817
PremierLeague,Norwich,27.333333333333332,0.4444444444444444,0.36666666666666664,1.6777777777777778,0.4555555555555556,5.1,72.19999999999999,0.43333333333333335,0.7,0.4888888888888888,0.7888888888888889,1.1111111111111112,1.4777777777777776,0.36666666666666664,0.4444444444444444,0.8888888888888888,0.05555555555555555,0.4666666666666668,0.2222222222222222,72.19999999999999,29.65555555555555,6.706666666666666,0.2222222222222222,0.5444444444444444,1.4999999999999998,183.55555555555554,2.266666666666667,0.5666666666666668,77.11111111111111,2.7777777777777777
PremierLeague,Southampton,24.666666666666668,0.75,0.43333333333333335,1.4666666666666668,0.37500000000000006,3.0500000000000003,78.82499999999999,0.4666666666666666,0.6833333333333332,0.525,0.6916666666666668,0.8333333333333334,1.8833333333333337,0.43333333333333335,0.35000000000000003,0.9166666666666666,0.03333333333333333,0.16666666666666666,0.0,78.82499999999999,30.933333333333334,6.8675,0.3333333333333333,0.5,1.7833333333333332,183.33333333333334,2.2416666666666667,0.65,76.91666666666667,2.75
PremierLeague,Stoke,27.166666666666668,0.5,0.3833333333333333,1.3833333333333335,0.6166666666666666,2.808333333333333,76.05833333333332,0.4666666666666666,0.8500000000000001,0.6666666666666666,0.7833333333333333,0.16666666666666666,1.5999999999999999,0.3833333333333333,0.13333333333333336,0.6666666666666666,0.03333333333333333,0.2083333333333333,0.0,76.05833333333332,34.68333333333333,6.7508333333333335,0.16666666666666666,0.425,1.9583333333333333,185.83333333333334,1.7083333333333333,0.6166666666666666,78.75,2.3333333333333335
PremierLeague,Sunderland,27.09090909090909,0.7272727272727273,0.3,1.8727272727272726,0.4272727272727272,5.263636363636365,72.11818181818181,0.4636363636363636,0.8454545454545453,0.5545454545454546,0.6909090909090909,0.6363636363636364,1.5272727272727273,0.3,0.19090909090909092,0.45454545454545453,0.02727272727272728,0.3090909090909091,0.09090909090909091,72.11818181818181,26.927272727272722,6.899090909090908,0.09090909090909091,0.41818181818181815,2.3000000000000003,184.0,1.6727272727272726,0.5363636363636363,77.72727272727273,2.0
PremierLeague,Swansea,26.8,1.0,0.48,1.44,0.5799999999999998,3.9799999999999995,81.64,0.42000000000000004,0.65,0.77,0.7899999999999999,0.6,1.85,0.48,0.34,0.8,0.04,0.38,0.5,81.64,40.64,6.825,0.1,0.43,1.5500000000000003,182.8,2.3600000000000003,0.5399999999999999,75.2,3.2
PremierLeague,Tottenham,24.6,1.3,0.6,1.4200000000000002,0.48999999999999994,3.3,81.47,0.53,0.5300000000000001,0.71,0.8400000000000001,1.1,1.67,0.6,0.31000000000000005,0.4,0.01,0.4,0.2,81.47,42.2,6.936,0.0,0.6399999999999999,1.6599999999999997,182.2,2.7199999999999998,0.58,76.5,4.2
PremierLeague,Watford,27.6,0.3,0.36000000000000004,1.1700000000000002,0.3,2.7,73.47,0.6499999999999999,0.6399999999999999,0.6199999999999999,0.78,0.5,2.08,0.36000000000000004,0.21999999999999997,0.4,0.01,0.44000000000000006,0.1,73.47,27.940000000000005,6.769,0.1,0.6199999999999999,1.67,183.2,2.21,0.6799999999999999,76.0,3.7
PremierLeague,West Bromwich Albion,29.545454545454547,0.9090909090909091,0.5,1.5727272727272725,0.49090909090909096,3.1545454545454548,71.2818181818182,0.35454545454545455,0.7999999999999999,0.609090909090909,0.7909090909090909,0.9090909090909091,2.1363636363636362,0.5,0.47272727272727283,0.7272727272727273,0.13636363636363635,0.17272727272727276,0.2727272727272727,71.2818181818182,25.94545454545455,6.841818181818183,0.09090909090909091,0.4636363636363636,1.5909090909090908,184.54545454545453,1.7272727272727273,0.4272727272727273,77.81818181818181,3.8181818181818183
PremierLeague,West Ham,25.363636363636363,1.0,0.4090909090909091,1.5272727272727273,0.5727272727272728,3.409090909090909,77.73636363636363,0.38181818181818183,0.6545454545454544,0.7000000000000001,0.8363636363636363,1.6363636363636365,1.8909090909090909,0.4090909090909091,0.23636363636363641,0.6363636363636364,0.1,0.3181818181818182,0.18181818181818182,77.73636363636363,27.44545454545455,6.847272727272727,0.2727272727272727,0.6363636363636364,1.5909090909090908,184.27272727272728,1.9636363636363634,0.6636363636363636,77.81818181818181,3.090909090909091
SerieA,AC Milan,26.666666666666668,0.4444444444444444,0.41111111111111115,1.5222222222222224,0.4555555555555556,3.577777777777778,80.22222222222223,0.3777777777777778,0.43333333333333335,0.6777777777777777,1.3444444444444443,1.0,2.1555555555555554,0.41111111111111115,0.26666666666666666,0.7777777777777778,0.08888888888888889,0.6000000000000001,0.1111111111111111,80.22222222222223,38.46666666666667,6.863333333333333,0.2222222222222222,0.5111111111111112,1.9333333333333336,184.55555555555554,2.622222222222222,0.4888888888888888,78.33333333333333,4.111111111111111
SerieA,Atalanta,29.357142857142858,0.2857142857142857,0.25,1.2571428571428573,0.3,2.8214285714285716,77.34285714285714,0.3357142857142857,0.692857142857143,0.9,1.1428571428571428,0.5714285714285714,2.1214285714285714,0.25,0.15714285714285717,0.2857142857142857,0.049999999999999996,0.40714285714285714,0.07142857142857142,77.34285714285714,30.164285714285715,6.708571428571429,0.7142857142857143,0.35,1.8714285714285714,184.28571428571428,1.9357142857142855,0.4142857142857143,76.92857142857143,3.4285714285714284
SerieA,Bologna,26.083333333333332,0.75,0.34166666666666673,1.3250000000000002,0.3833333333333333,2.7583333333333333,,0.4166666666666667,0.75,0.8333333333333334,1.0083333333333333,0.5,2.466666666666667,0.34166666666666673,,0.6666666666666666,0.07500000000000001,0.4166666666666667,0.0,80.42500000000003,32.31666666666667,6.800000000000001,0.5,0.3666666666666667,1.7916666666666667,183.25,,0.65,75.41666666666667,3.9166666666666665
SerieA,Carpi,26.833333333333332,0.25,0.4750000000000001,1.0416666666666667,0.34166666666666673,3.4333333333333336,74.175,0.16666666666666666,0.7499999999999999,1.0,1.2750000000000001,0.3333333333333333,1.991666666666667,0.4750000000000001,0.25833333333333336,0.75,0.03333333333333333,0.39166666666666666,0.0,74.175,24.516666666666666,6.678333333333334,0.08333333333333333,0.5166666666666667,1.7166666666666668,183.41666666666666,2.0416666666666665,0.5083333333333333,76.83333333333333,4.25
SerieA,Chievo,31.8,0.5,0.32999999999999996,1.3900000000000001,0.53,3.7800000000000002,78.87,0.24,0.55,0.5700000000000001,1.1,0.4,2.0999999999999996,0.32999999999999996,0.27999999999999997,0.4,0.02,0.2700000000000001,0.2,78.87,31.160000000000004,6.790000000000001,0.2,0.28,1.3099999999999998,186.4,2.47,0.3,80.2,4.6
SerieA,Empoli,25.727272727272727,0.2727272727272727,0.1818181818181818,1.7,0.6727272727272727,3.7545454545454544,85.41818181818182,0.38181818181818183,0.2636363636363636,1.0454545454545454,0.7090909090909091,0.36363636363636365,2.3363636363636364,0.1818181818181818,0.09090909090909091,0.5454545454545454,0.02727272727272728,1.0454545454545454,0.09090909090909091,85.41818181818182,44.07272727272727,6.686363636363637,0.18181818181818182,0.35454545454545455,1.2727272727272727,182.0,2.7272727272727275,0.43636363636363634,74.81818181818181,3.0
SerieA,Fiorentina,28.0,0.875,0.6375,1.325,0.25,2.225,85.73750000000001,0.5,0.7625,0.8625,1.25,1.25,1.7999999999999998,0.6375,0.3375,1.375,0.037500000000000006,0.5375,0.0,85.73750000000001,51.74999999999999,6.922499999999999,0.0,0.7374999999999999,1.7499999999999998,183.125,2.2125,0.6375,77.625,6.0
SerieA,Frosinone,26.7,0.8,0.48,1.77,1.0100000000000002,4.38,70.89,0.21000000000000002,0.63,0.77,1.2200000000000002,0.6,1.81,0.48,0.27999999999999997,0.1,0.05,0.27,0.1,70.89,23.990000000000002,6.62,0.2,0.35000000000000003,1.3300000000000003,185.0,2.16,0.47000000000000003,76.8,4.3
SerieA,Genoa,27.75,0.75,0.3666666666666667,1.1333333333333333,0.34166666666666673,3.066666666666666,77.93333333333334,0.49999999999999994,0.6583333333333332,0.7916666666666669,1.2249999999999999,0.5833333333333334,2.2666666666666666,0.3666666666666667,0.25,0.6666666666666666,0.075,0.3,0.16666666666666666,77.93333333333334,29.233333333333334,6.835833333333333,0.3333333333333333,0.48333333333333334,1.6083333333333334,181.66666666666666,1.7833333333333332,0.6333333333333333,76.83333333333333,3.5833333333333335
SerieA,Inter,25.583333333333332,0.5833333333333334,0.4666666666666666,1.0916666666666666,0.2833333333333334,2.1166666666666667,81.81666666666668,0.3583333333333334,0.7833333333333332,0.8833333333333333,1.0583333333333333,0.5833333333333334,1.3583333333333334,0.4666666666666666,0.40833333333333327,0.5833333333333334,0.041666666666666664,0.2916666666666667,0.08333333333333333,81.81666666666668,39.4,6.765833333333333,0.8333333333333334,0.38333333333333336,1.6333333333333335,167.16666666666666,2.091666666666667,0.5583333333333333,68.41666666666667,3.5
SerieA,Juventus,28.384615384615383,1.6153846153846154,0.7307692307692307,1.0230769230769232,0.20000000000000007,1.7846153846153852,85.04615384615384,0.5846153846153846,0.5076923076923077,0.8538461538461539,0.9923076923076924,1.5384615384615385,1.453846153846154,0.7307692307692307,0.28461538461538455,0.8461538461538461,0.12307692307692308,0.1076923076923077,0.07692307692307693,85.04615384615384,41.43846153846154,6.976923076923078,0.23076923076923078,0.6923076923076924,1.4153846153846155,182.30769230769232,2.4692307692307693,0.6076923076923076,80.15384615384616,3.5384615384615383
SerieA,Lazio,27.714285714285715,0.7857142857142857,0.5571428571428572,1.2428571428571427,0.35,2.5714285714285707,82.58571428571429,0.6357142857142858,0.8,0.75,1.4142857142857144,0.7142857142857143,2.7142857142857144,0.5571428571428572,0.3071428571428571,0.6428571428571429,0.04285714285714286,0.35000000000000003,0.14285714285714285,82.58571428571429,45.12142857142857,6.86,0.5,0.5357142857142857,1.907142857142857,182.42857142857142,3.642857142857143,0.6142857142857142,74.85714285714286,4.571428571428571
SerieA,Napoli,26.23076923076923,1.2307692307692308,0.6000000000000001,1.2615384615384615,0.2538461538461539,1.3076923076923077,88.5076923076923,0.5923076923076923,0.7,0.7999999999999999,0.9923076923076924,0.46153846153846156,1.192307692307692,0.6000000000000001,0.3153846153846154,0.6153846153846154,0.038461538461538464,0.3692307692307693,0.0,88.5076923076923,49.630769230769225,6.792307692307693,0.07692307692307693,0.32307692307692315,1.623076923076923,183.76923076923077,1.9846153846153847,0.4846153846153846,76.15384615384616,3.923076923076923
SerieA,Palermo,26.727272727272727,0.45454545454545453,0.3,1.0363636363636364,0.45454545454545464,3.0,77.64545454545454,0.45454545454545453,0.7000000000000001,0.8181818181818182,1.1454545454545455,0.7272727272727273,2.0727272727272728,0.3,0.20909090909090908,0.2727272727272727,0.09090909090909091,0.4636363636363638,0.2727272727272727,77.64545454545454,26.636363636363637,6.712727272727273,0.5454545454545454,0.35454545454545455,1.7090909090909088,185.0909090909091,2.154545454545455,0.5181818181818182,78.9090909090909,3.8181818181818183
SerieA,Roma,26.76923076923077,1.2307692307692308,0.4461538461538461,1.192307692307692,0.24615384615384617,1.9307692307692308,85.06153846153846,0.3846153846153845,0.4923076923076923,0.6461538461538461,1.1384615384615384,1.3076923076923077,1.3923076923076922,0.4461538461538461,0.24615384615384617,0.46153846153846156,0.038461538461538464,0.3692307692307693,0.15384615384615385,85.06153846153846,35.76153846153846,6.674615384615383,0.07692307692307693,0.4230769230769231,1.0461538461538462,183.69230769230768,1.9307692307692308,0.40769230769230774,77.07692307692308,3.1538461538461537
SerieA,Sampdoria,27.4375,0.4375,0.34374999999999994,1.0875000000000001,0.44999999999999996,2.9,81.61874999999999,0.35624999999999996,0.6625,0.8500000000000002,0.9625000000000001,0.5,1.4437499999999999,0.34374999999999994,0.26875,0.375,0.049999999999999996,0.2875,0.0625,81.61874999999999,32.050000000000004,6.555625,0.3125,0.3562499999999999,1.34375,183.5,2.19375,0.46249999999999997,76.875,3.8125
SerieA,Sassuolo,27.3,0.9,0.27,1.19,0.39,3.3600000000000003,81.75,0.2,0.35,0.6900000000000001,0.8099999999999999,0.5,1.7499999999999996,0.27,0.22999999999999998,0.7,0.02,0.6599999999999999,0.0,81.75,27.68,6.698,0.1,0.18,1.1700000000000002,167.4,2.04,0.27999999999999997,72.2,3.5
SerieA,Torino,27.916666666666668,1.25,0.7166666666666668,0.8833333333333333,0.3166666666666667,2.4416666666666664,82.15,0.5166666666666666,0.5416666666666666,0.8416666666666668,1.1666666666666667,1.0,1.8416666666666666,0.7166666666666668,0.5083333333333333,0.5833333333333334,0.049999999999999996,0.19166666666666665,0.16666666666666666,82.15,38.65833333333333,6.8258333333333345,0.16666666666666666,0.6166666666666666,1.6416666666666666,183.83333333333334,3.1749999999999994,0.6916666666666668,77.25,5.5
SerieA,Udinese,27.75,0.5,0.36666666666666664,1.375,0.35000000000000003,2.5916666666666663,76.125,0.39999999999999997,0.5916666666666668,0.9666666666666667,1.3166666666666667,0.5833333333333334,2.0,0.36666666666666664,0.2916666666666667,0.4166666666666667,0.05833333333333333,0.2333333333333333,0.08333333333333333,76.125,27.441666666666666,6.6691666666666665,0.3333333333333333,0.45833333333333326,1.6416666666666664,178.91666666666666,1.8499999999999999,0.5750000000000001,74.83333333333333,5.166666666666667
SerieA,Verona,25.933333333333334,0.8666666666666667,0.5866666666666667,1.0866666666666664,0.31333333333333335,2.64,77.57999999999998,0.48000000000000004,0.7733333333333334,0.8133333333333332,1.0533333333333332,0.8666666666666667,1.6600000000000001,0.5866666666666667,0.64,0.3333333333333333,0.03333333333333333,0.38,0.06666666666666667,77.57999999999998,31.020000000000003,6.710666666666667,0.2,0.5399999999999999,1.7,184.86666666666667,2.393333333333333,0.5333333333333333,75.66666666666667,3.2
